case,dt,euler_max_error,rk4_max_error
bass,0.5,0.07944078052630316,3.840855305820012e-05
bass,0.25,0.041587479039272734,2.6728438995426984e-06
bass,0.125,0.021193745857131074,1.7636709870316736e-07
bass,0.0625,0.010685974830121514,1.1327398630189833e-08
bass,0.03125,0.005363751426038288,7.176929051055936e-10
innovation-only,0.5,0.014195143859058512,1.0270908801235379e-07
innovation-only,0.25,0.006976802717369224,6.221556603236422e-09
innovation-only,0.125,0.0034591248447961576,3.828146688533707e-10
innovation-only,0.0625,0.0017223532526075003,2.3740009957862185e-11
innovation-only,0.03125,0.0008593878093772211,1.478261957288396e-12
seeded-imitation,0.5,0.04087365833232659,1.588191855672605e-05
seeded-imitation,0.25,0.0195898415696536,1.0649495703063394e-06
seeded-imitation,0.125,0.00956351704661218,6.894444437577363e-08
seeded-imitation,0.0625,0.004722063432518908,4.385534047024464e-09
seeded-imitation,0.03125,0.002345913615094841,2.765176976282646e-10
