case,dt,population,path_rmse,ensemble_mean_l2,continuous_mean_l2,numeric_bias_l2,population_spread_rms,mean_mc_standard_error_rms
bass,0.25,40,0.16261792246301052,0.05194643408051045,0.06917238227481995,0.023099721649459386,0.15409788023365176,0.009649983580704284
bass,0.25,160,0.06287040365504373,0.008273999552668743,0.02889519050105861,0.023099721649459386,0.06232357970423854,0.0039028539518175588
bass,0.25,640,0.030907150708795527,0.0017275675124297542,0.024060435032358538,0.023099721649459386,0.030858831400851796,0.0019324549817714568
bass,0.0625,40,0.15536385726669485,0.04991969471115069,0.05427190426710003,0.005821386764743001,0.14712563415235105,0.00921336459475091
bass,0.0625,160,0.06816205378482537,0.014253722811939163,0.019453671056878938,0.005821386764743001,0.0666550595391365,0.004174101740713419
bass,0.0625,640,0.03529986754735233,0.0034230740101730355,0.00893906058417226,0.005821386764743001,0.035133505563514376,0.0022001454614847945
innovation-only,0.25,40,0.07222852459650092,0.002122716001789127,0.006682011800853671,0.005654265657965579,0.07219732572722543,0.004521171912177537
innovation-only,0.25,160,0.03462317808466728,0.0012685047400065044,0.006502157696115652,0.005654265657965579,0.03459993289599223,0.002166731844938648
innovation-only,0.25,640,0.017351537044109983,0.0011297866407437422,0.004721159289257399,0.005654265657965579,0.017314716859929243,0.0010842896290949276
innovation-only,0.0625,40,0.06934682242565081,0.0019596763916874195,0.0032997597311081495,0.0013950301359125232,0.0693191275837673,0.004340932152978571
innovation-only,0.0625,160,0.03517010170786471,0.0019479202887285791,0.0020107930558874174,0.0013950301359125232,0.03511611682248349,0.002199056536282301
innovation-only,0.0625,640,0.01841946750062113,0.0003629716997473807,0.001571515127219804,0.0013950301359125232,0.018415890816129977,0.001153247817103251
seeded-imitation,0.25,40,0.09595806562328695,0.019412081636467928,0.0270370404048949,0.011577774557539887,0.09397404665492567,0.00588488307468836
seeded-imitation,0.25,160,0.04320340366396156,0.0034738179916586325,0.012260362501153347,0.011577774557539887,0.0430635190934512,0.002696742171592828
seeded-imitation,0.25,640,0.022240160562934385,0.0023499899541236614,0.013454560622351513,0.011577774557539887,0.022115657102618945,0.00138493616909698
seeded-imitation,0.0625,40,0.0953221312450639,0.018520405129234974,0.020687709713258017,0.0028865194008939996,0.09350563244505752,0.00585554983903747
seeded-imitation,0.0625,160,0.04868168655416253,0.0071225115154099775,0.009538515939465544,0.0028865194008939996,0.04815782839238685,0.003015760194522274
seeded-imitation,0.0625,640,0.02501472763023227,0.0018015104411821879,0.0042739726167728125,0.0028865194008939996,0.024949772715297774,0.0015624153731372953
