case,scale,path_rmse,ensemble_mean_l2,population_spread_rms,mean_mc_standard_error_rms
growing,8,0.7238861999435754,0.018844113980600607,0.723640884580906,0.04531614999469084
growing,32,0.40090477658987567,0.010039346297590634,0.4007790556135577,0.025097757998337588
growing,128,0.2002656840874703,0.004506920413861166,0.20021496420449092,0.01253794740235959
draining,8,0.35422602137441855,0.16391929552730206,0.3140167810365921,0.01966449360934805
draining,32,0.16048936393886046,0.06607462035758177,0.14625655705677418,0.009158940875943314
draining,128,0.07433013588681342,0.0278823765276779,0.06890241055377486,0.004314836320309558
critical,8,0.675526053693527,0.5087582745453237,0.4444102466195115,0.027830049164028006
critical,32,0.3488042842496885,0.2741792264533117,0.21561581688828194,0.013502386207760977
critical,128,0.17686285617508607,0.14049013810380465,0.10743831248666874,0.006728048107234891
underloaded,8,0.20658117351298014,0.11424779603530993,0.1721139806961486,0.010778195554728877
underloaded,32,0.05526342941638145,0.032182003774166565,0.04492622022760098,0.0028133890413164727
underloaded,128,0.013498128690652422,0.007949357558779475,0.010909041779738938,0.0006831506954935294
