case,population,path_rmse,ensemble_mean_l2,population_spread_rms,mean_mc_standard_error_rms
epidemic,40,0.12474038251477065,0.030702739021938277,0.12090287360721434,0.007571231631483524
epidemic,160,0.05645811360782602,0.009438858288209952,0.05566351180413683,0.003485784321885544
epidemic,640,0.02726603202104397,0.0029358924014400534,0.02710750888554243,0.00169753805349332
declining,40,0.06100193879399618,0.0025594222848823968,0.060948223060185304,0.00381672577787641
declining,160,0.034607847850660546,0.0012552625587118017,0.03458507552056474,0.002165801439999201
declining,640,0.016393791619127355,0.0008738968510749571,0.016370482825654585,0.0010251594002217157
infection-only,40,0.07766252074131337,0.02020917630626963,0.07498704101987914,0.004695870660324685
infection-only,160,0.03939817719797923,0.005771000651448287,0.03897322052389761,0.002440597739388298
infection-only,640,0.01997103263631835,0.0022226692479803923,0.01984696163081329,0.0012428649477450213
recovery-only,40,0.015038497533804013,0.0012231804625732956,0.01498867030894363,0.0009386269438527254
recovery-only,160,0.007388772696011706,0.0006675201322844752,0.007358558202958172,0.0004608107894056293
recovery-only,640,0.0037965579071134767,0.00011873113708530034,0.003794700891921825,0.00023763338759239295
