case,atomics,steps,outputs,nested_us,flat_us,adevs_us,nested_allocations,nested_requested_bytes,flat_allocations,flat_requested_bytes,adevs_allocations,adevs_requested_bytes,trace_equal
LI_w1_d1_ta0,1,5,3,259,110,306,115,4271,104,11867,103,6583,true
LI_w1_d1_ta1,1,4,3,59,38,38,107,3435,96,11031,96,5715,true
LI_w2_d2_ta0,2,5,6,68,52,55,194,7662,162,14290,165,9278,true
LI_w2_d2_ta1,2,4,6,59,45,47,182,6582,150,13210,154,8166,true
LI_w3_d3_ta0,5,5,15,119,87,104,374,21435,301,25303,334,19763,true
LI_w3_d3_ta1,5,4,15,107,79,94,352,19095,279,22963,312,17439,true
LI_w5_d3_ta0,9,5,27,162,174,164,529,38999,438,40451,539,33487,true
LI_w5_d3_ta1,9,4,27,149,116,151,497,34979,406,36431,504,29547,true
LI_w3_d6_ta0,11,5,33,240,153,204,740,51157,516,43897,649,37213,true
LI_w3_d6_ta1,11,4,33,229,143,187,704,47001,480,39741,608,33105,true
LI_w8_d4_ta0,22,5,66,376,253,901,1019,90474,834,82286,1189,69002,true
LI_w8_d4_ta1,22,4,66,551,238,348,959,82754,774,74566,1114,61410,true
HI_w1_d1_ta0,1,5,3,43,34,33,115,4271,104,11867,103,6583,true
HI_w1_d1_ta1,1,4,3,36,30,30,107,3435,96,11031,96,5715,true
HI_w2_d2_ta0,2,5,6,69,48,144,194,7662,162,14290,165,9278,true
HI_w2_d2_ta1,2,4,6,78,51,51,182,6582,150,13210,154,8166,true
HI_w3_d3_ta0,5,8,21,151,118,131,477,24569,398,36133,428,22609,true
HI_w3_d3_ta1,5,7,21,136,135,128,454,22917,375,34481,405,20941,true
HI_w5_d3_ta0,9,14,63,812,268,315,1006,58603,899,82951,1056,52755,true
HI_w5_d3_ta1,9,13,63,294,250,294,969,55367,862,79715,1016,49503,true
HI_w3_d6_ta0,11,8,48,309,209,257,967,62064,729,73804,869,46200,true
HI_w3_d6_ta1,11,7,48,291,199,251,927,58668,689,70408,824,42772,true
HI_w8_d4_ta0,22,23,255,2731,2691,1082,2992,200187,2765,260111,3699,177683,true
HI_w8_d4_ta1,22,22,255,879,1687,3496,2915,193539,2688,253463,3607,170875,true
HO_w1_d1_ta0,1,5,3,49,36,35,115,4271,104,11867,103,6583,true
HO_w1_d1_ta1,1,4,3,36,30,31,107,3435,96,11031,96,5715,true
HO_w2_d2_ta0,2,5,6,73,57,57,223,9054,186,23446,184,9886,true
HO_w2_d2_ta1,2,4,6,66,51,53,211,7974,174,22366,173,8774,true
HO_w3_d3_ta0,5,8,21,172,130,148,551,27025,453,50085,474,24065,true
HO_w3_d3_ta1,5,7,21,159,123,140,528,25373,430,48433,451,22397,true
HO_w5_d3_ta0,9,14,63,340,284,908,1150,62523,1009,98183,1172,56323,true
HO_w5_d3_ta1,9,13,63,812,301,342,1113,59287,972,94947,1132,53071,true
HO_w3_d6_ta0,11,8,48,368,295,599,1116,67752,818,101252,930,48256,true
HO_w3_d6_ta1,11,7,48,1022,362,287,1076,64356,778,97856,885,44828,true
HO_w8_d4_ta0,22,23,255,995,877,1174,3296,209987,2993,283555,3981,186419,true
HO_w8_d4_ta1,22,22,255,2205,1708,1150,3219,203339,2916,276907,3889,179611,true
HOmod_w1_d1_ta0,1,5,3,47,36,34,115,4271,104,11867,103,6583,true
HOmod_w1_d1_ta1,1,4,3,36,31,30,107,3435,96,11031,96,5715,true
HOmod_w2_d2_ta0,3,8,12,103,84,84,322,13756,281,31920,279,14308,true
HOmod_w2_d2_ta1,3,7,12,95,77,77,306,12920,265,31084,264,13440,true
HOmod_w3_d3_ta0,11,28,108,473,422,1300,1620,87048,1495,131180,1725,80488,true
HOmod_w3_d3_ta1,11,26,108,680,403,472,1554,83136,1429,127268,1666,76696,true
HOmod_w5_d3_ta0,29,52,489,1941,1983,2050,5279,339577,5044,441925,6773,306833,true
HOmod_w5_d3_ta1,29,50,489,1530,1419,1951,5090,319469,4855,421817,6602,288069,true
HOmod_w3_d6_ta0,26,1546,7164,26510,23516,41665,76936,4430352,76588,4516708,96234,4129328,true
HOmod_w3_d6_ta1,26,1541,7164,28870,21627,26883,76766,4423204,76418,4509560,96092,4122796,true
HOmod_w8_d4_ta0,106,1182,26589,94637,93436,104040,208695,17835269,207893,18127641,324058,16273997,true
HOmod_w8_d4_ta1,106,1179,26589,91088,93390,98054,208117,17850289,207315,18142661,323495,16277481,true
