case,atomics,steps,outputs,nested_us,flat_us,adevs_us,trace_equal
LI_w1_d1_ta0,1,5,3,101,52,59,true
LI_w1_d1_ta1,1,4,3,47,38,47,true
LI_w2_d2_ta0,2,5,6,69,53,56,true
LI_w2_d2_ta1,2,4,6,62,46,50,true
LI_w3_d3_ta0,5,5,15,123,88,101,true
LI_w3_d3_ta1,5,4,15,105,84,94,true
LI_w5_d3_ta0,9,5,27,167,132,160,true
LI_w5_d3_ta1,9,4,27,153,119,151,true
LI_w3_d6_ta0,11,5,33,237,156,195,true
LI_w3_d6_ta1,11,4,33,338,410,481,true
LI_w8_d4_ta0,22,5,66,911,522,344,true
LI_w8_d4_ta1,22,4,66,302,233,312,true
HI_w1_d1_ta0,1,5,3,40,34,32,true
HI_w1_d1_ta1,1,4,3,35,30,28,true
HI_w2_d2_ta0,2,5,6,60,48,49,true
HI_w2_d2_ta1,2,4,6,54,43,45,true
HI_w3_d3_ta0,5,8,21,143,115,121,true
HI_w3_d3_ta1,5,7,21,134,103,118,true
HI_w5_d3_ta0,9,14,63,295,254,301,true
HI_w5_d3_ta1,9,13,63,283,242,288,true
HI_w3_d6_ta0,11,8,48,298,209,259,true
HI_w3_d6_ta1,11,7,48,286,196,244,true
HI_w8_d4_ta0,22,23,255,889,1566,1128,true
HI_w8_d4_ta1,22,22,255,877,779,1004,true
HO_w1_d1_ta0,1,5,3,47,36,35,true
HO_w1_d1_ta1,1,4,3,38,31,30,true
HO_w2_d2_ta0,2,5,6,73,56,58,true
HO_w2_d2_ta1,2,4,6,66,50,53,true
HO_w3_d3_ta0,5,8,21,170,129,143,true
HO_w3_d3_ta1,5,7,21,158,122,138,true
HO_w5_d3_ta0,9,14,63,344,288,341,true
HO_w5_d3_ta1,9,13,63,320,269,325,true
HO_w3_d6_ta0,11,8,48,364,236,280,true
HO_w3_d6_ta1,11,7,48,343,222,281,true
HO_w8_d4_ta0,22,23,255,981,868,1176,true
HO_w8_d4_ta1,22,22,255,957,852,1126,true
HOmod_w1_d1_ta0,1,5,3,41,34,33,true
HOmod_w1_d1_ta1,1,4,3,35,30,29,true
HOmod_w2_d2_ta0,3,8,12,101,83,83,true
HOmod_w2_d2_ta1,3,7,12,93,76,77,true
HOmod_w3_d3_ta0,11,28,108,469,424,486,true
HOmod_w3_d3_ta1,11,26,108,449,399,464,true
HOmod_w5_d3_ta0,29,52,489,1543,3885,5039,true
HOmod_w5_d3_ta1,29,50,489,2117,1421,1862,true
HOmod_w3_d6_ta0,26,1546,7164,22068,28889,31012,true
HOmod_w3_d6_ta1,26,1541,7164,28319,20800,27610,true
HOmod_w8_d4_ta0,106,1182,26589,83312,72988,131550,true
HOmod_w8_d4_ta1,106,1179,26589,78595,89004,118016,true
